{"cameraMode":{"drawMode":0,"name":"Shaded","section":"Shading Mode"},"sceneLighting":true,"audioPlay":false,"sceneViewState":{"showFog":true,"showMaterialUpdate":false,"showSkybox":true,"showFlares":true,"showImageEffects":true,"showParticleSystems":true},"in2DMode":false,"pivot":{"x":-0.24608993530273438,"y":-1.1212043762207032,"z":-0.9307080507278442},"rotation":{"x":0.08613698184490204,"y":0.7495636343955994,"z":-0.09952899068593979,"w":0.6487178802490234},"size":5.257884502410889,"orthographic":false}