{"cameraMode":{"drawMode":0,"name":"Shaded","section":"Shading Mode"},"sceneLighting":false,"audioPlay":false,"sceneViewState":{"showFog":true,"showMaterialUpdate":false,"showSkybox":true,"showFlares":true,"showImageEffects":true,"showParticleSystems":true},"in2DMode":false,"pivot":{"x":1.2206518650054932,"y":0.3345062732696533,"z":1.9123214483261109},"rotation":{"x":0.0644448772072792,"y":0.01796163246035576,"z":-0.0011601423611864448,"w":0.9977589845657349},"size":12.62633228302002,"orthographic":false}