{"cameraMode":{"drawMode":0,"name":"Shaded","section":"Shading Mode"},"sceneLighting":false,"audioPlay":false,"sceneViewState":{"showFog":true,"showMaterialUpdate":false,"showSkybox":false,"showFlares":true,"showImageEffects":true,"showParticleSystems":true},"in2DMode":false,"pivot":{"x":0.3161145746707916,"y":1.1010180711746216,"z":-2.7898058891296388},"rotation":{"x":0.2393626868724823,"y":0.3867100179195404,"z":-0.10465986281633377,"w":0.8844268321990967},"size":5.541249752044678,"orthographic":false}