{"cameraMode":{"drawMode":0,"name":"Shaded","section":"Shading Mode"},"sceneLighting":true,"audioPlay":false,"sceneViewState":{"showFog":true,"showMaterialUpdate":false,"showSkybox":true,"showFlares":true,"showImageEffects":true,"showParticleSystems":true},"in2DMode":false,"pivot":{"x":-0.1124921441078186,"y":1.3105897903442383,"z":-0.05246235057711601},"rotation":{"x":-0.00094691599952057,"y":0.9985679388046265,"z":-0.018884802237153055,"w":-0.05006936192512512},"size":0.90739506483078,"orthographic":false}