{"cameraMode":{"drawMode":0,"name":"Shaded","section":"Shading Mode"},"sceneLighting":false,"audioPlay":false,"sceneViewState":{"showFog":true,"showMaterialUpdate":false,"showSkybox":false,"showFlares":true,"showImageEffects":true,"showParticleSystems":true},"in2DMode":false,"pivot":{"x":0.00023321807384490967,"y":0.14774462580680848,"z":0.02912840247154236},"rotation":{"x":-0.009314318187534809,"y":0.9830939173698425,"z":-0.1752489060163498,"w":-0.05225063115358353},"size":0.47629010677337649,"orthographic":false}