{"cameraMode":{"drawMode":0,"name":"Shaded","section":"Shading Mode"},"sceneLighting":true,"audioPlay":false,"sceneViewState":{"showFog":true,"showMaterialUpdate":false,"showSkybox":true,"showFlares":true,"showImageEffects":true,"showParticleSystems":true},"in2DMode":false,"pivot":{"x":-1.0041171312332154,"y":-0.5286856889724731,"z":-5.6282196044921879},"rotation":{"x":0.27880263328552248,"y":-0.5734633207321167,"z":0.21624620258808137,"w":0.7393568754196167},"size":5.921727180480957,"orthographic":false}