{"cameraMode":{"drawMode":0,"name":"Shaded","section":"Shading Mode"},"sceneLighting":false,"audioPlay":false,"sceneViewState":{"showFog":false,"showMaterialUpdate":false,"showSkybox":false,"showFlares":false,"showImageEffects":false,"showParticleSystems":false},"in2DMode":false,"pivot":{"x":4.9807658195495609,"y":0.6303114295005798,"z":1.0261712074279786},"rotation":{"x":0.2069997787475586,"y":-0.7871417999267578,"z":0.46130311489105227,"w":0.35321319103240969},"size":0.3216314911842346,"orthographic":false}