{"cameraMode":{"drawMode":0,"name":"Shaded","section":"Shading Mode"},"sceneLighting":false,"audioPlay":false,"sceneViewState":{"showFog":true,"showMaterialUpdate":false,"showSkybox":true,"showFlares":true,"showImageEffects":true,"showParticleSystems":true},"in2DMode":false,"pivot":{"x":-11.034418106079102,"y":-0.7576309442520142,"z":-26.229660034179689},"rotation":{"x":-0.038540638983249667,"y":0.9464020133018494,"z":-0.12305790185928345,"w":-0.29620829224586489},"size":9.836624145507813,"orthographic":false}