{"cameraMode":{"drawMode":0,"name":"Shaded","section":"Shading Mode"},"sceneLighting":true,"audioPlay":false,"sceneViewState":{"showFog":true,"showMaterialUpdate":false,"showSkybox":true,"showFlares":true,"showImageEffects":true,"showParticleSystems":true},"in2DMode":false,"pivot":{"x":6.7225236892700199,"y":5.684545516967773,"z":-14.96157169342041},"rotation":{"x":-0.08908484876155853,"y":0.7256128787994385,"z":-0.09568378329277039,"w":-0.6755707263946533},"size":13.595746994018555,"orthographic":false}