{"cameraMode":{"drawMode":0,"name":"Shaded","section":"Shading Mode"},"sceneLighting":true,"audioPlay":false,"sceneViewState":{"showFog":true,"showMaterialUpdate":false,"showSkybox":true,"showFlares":true,"showImageEffects":true,"showParticleSystems":true},"in2DMode":false,"pivot":{"x":-0.3507390022277832,"y":-0.0000019073486328125,"z":0.3713088035583496},"rotation":{"x":-0.004809386096894741,"y":0.006597044877707958,"z":-0.00003172384822391905,"w":-0.9999673962593079},"size":10.920249938964844,"orthographic":false}