{"cameraMode":{"drawMode":0,"name":"Shaded","section":"Shading Mode"},"sceneLighting":true,"audioPlay":false,"sceneViewState":{"showFog":true,"showMaterialUpdate":false,"showSkybox":true,"showFlares":true,"showImageEffects":true,"showParticleSystems":true},"in2DMode":false,"pivot":{"x":190.99566650390626,"y":-7.530163764953613,"z":268.71588134765627},"rotation":{"x":0.36557453870773318,"y":0.5881273150444031,"z":-0.637839138507843,"w":0.3371194303035736},"size":309.1641540527344,"orthographic":true}